{
  "model_type": "arima",
  "metric": "expense",
  "order": [
    1,
    1,
    1
  ],
  "metrics": {
    "mae": 9312.905900158177,
    "rmse": 12351.674375765755,
    "r2": 0.6248215682128033,
    "max_error": 30893.87733829344,
    "median_ae": 7925.711757399651,
    "mape": 23.724574250283382,
    "directional_accuracy": 37.5,
    "mean_error": -3175.2465213685286,
    "within_10pct_error": 32.0
  },
  "data_points": 25,
  "trained_at": "2025-12-20T21:45:40.911034+00:00"
}