{
  "model_type": "lstm",
  "metric": "inventory",
  "metrics": {
    "mae": 94205.90476190476,
    "rmse": 402621.9530087393,
    "r2": -0.042714579352593374,
    "max_error": 1844804.0,
    "median_ae": 6676.0,
    "mape": 0.17867047627297689,
    "directional_accuracy": 95.0,
    "mean_error": -81489.71428571429,
    "within_10pct_error": 100.0
  },
  "data_points": 24,
  "epochs": 50,
  "final_loss": 0.000819246401078999,
  "final_val_loss": 4.9728922843933105,
  "training_history": {
    "loss": [
      0.04667879268527031,
      0.04452550411224365,
      0.04196762293577194,
      0.0411825105547905,
      0.039399344474077225,
      0.03754783049225807,
      0.03607980161905289,
      0.03433322161436081,
      0.0330246277153492,
      0.032325632870197296,
      0.029748065397143364,
      0.029376786202192307,
      0.027706660330295563,
      0.027223262935876846,
      0.02504565939307213,
      0.024030014872550964,
      0.022789593786001205,
      0.021530931815505028,
      0.021158404648303986,
      0.02003629319369793,
      0.017844688147306442,
      0.016443751752376556,
      0.0162309929728508,
      0.014254255220293999,
      0.01405337080359459,
      0.013810718432068825,
      0.012701570987701416,
      0.01128729060292244,
      0.009970957413315773,
      0.008969787508249283,
      0.007993822917342186,
      0.009009958244860172,
      0.00910237431526184,
      0.00682925246655941,
      0.005973882973194122,
      0.004939437843859196,
      0.005633478052914143,
      0.005527205765247345,
      0.003486736211925745,
      0.0028393110260367393,
      0.00262748496606946,
      0.0025573167949914932,
      0.003072797553613782,
      0.0012483424507081509,
      0.0018126050708815455,
      0.0019685097504407167,
      0.0017289691604673862,
      0.0014263694174587727,
      0.0010875473963096738,
      0.000819246401078999
    ],
    "val_loss": [
      4.630472183227539,
      4.63754415512085,
      4.64439058303833,
      4.651202201843262,
      4.658001899719238,
      4.664664268493652,
      4.671305179595947,
      4.677941799163818,
      4.684526443481445,
      4.691128730773926,
      4.697750091552734,
      4.704291820526123,
      4.710854530334473,
      4.717458724975586,
      4.724113464355469,
      4.7308268547058105,
      4.737557411193848,
      4.744295597076416,
      4.751070022583008,
      4.757932186126709,
      4.764878749847412,
      4.771927356719971,
      4.778993129730225,
      4.785984992980957,
      4.79288911819458,
      4.799840450286865,
      4.806804656982422,
      4.813709735870361,
      4.820596218109131,
      4.8275628089904785,
      4.834611892700195,
      4.841741561889648,
      4.8489603996276855,
      4.856237888336182,
      4.8635735511779785,
      4.870955944061279,
      4.878401756286621,
      4.885913372039795,
      4.893434524536133,
      4.900933265686035,
      4.908389568328857,
      4.915821075439453,
      4.923266887664795,
      4.930606365203857,
      4.937858581542969,
      4.945055961608887,
      4.952200889587402,
      4.959282398223877,
      4.966197967529297,
      4.9728922843933105
    ],
    "mae": [],
    "val_mae": []
  },
  "trained_at": "2025-12-20T21:46:30.315330+00:00"
}