{
  "model_type": "lstm",
  "metric": "revenue",
  "metrics": {
    "mae": 2116.3600390625,
    "rmse": 5038.3821455803345,
    "r2": -0.13881729215723215,
    "max_error": 16493.57859375,
    "median_ae": 500.7119140625,
    "mape": 110.59925898680942,
    "directional_accuracy": 50.0,
    "mean_error": 1218.5177095170454,
    "within_10pct_error": 90.9090909090909
  },
  "data_points": 14,
  "epochs": 50,
  "final_loss": 0.01790926605463028,
  "final_val_loss": 2.8196544647216797,
  "training_history": {
    "loss": [
      0.19746345281600952,
      0.1871601939201355,
      0.1913590282201767,
      0.1837226301431656,
      0.1811424195766449,
      0.17242226004600525,
      0.1763867735862732,
      0.1678183376789093,
      0.16602036356925964,
      0.16310444474220276,
      0.15532313287258148,
      0.14573934674263,
      0.14611725509166718,
      0.144777312874794,
      0.14715954661369324,
      0.1419963538646698,
      0.13394154608249664,
      0.13688740134239197,
      0.12301304936408997,
      0.12373679876327515,
      0.1206369698047638,
      0.11957991868257523,
      0.11439978331327438,
      0.11585084348917007,
      0.10618681460618973,
      0.09939541667699814,
      0.10134851932525635,
      0.10295554995536804,
      0.08586542308330536,
      0.09926171600818634,
      0.08524827659130096,
      0.09113036096096039,
      0.07459935545921326,
      0.07360609620809555,
      0.0664786696434021,
      0.06832756102085114,
      0.06462353467941284,
      0.05206647887825966,
      0.06523396819829941,
      0.05258221924304962,
      0.04771578311920166,
      0.04276716709136963,
      0.03407948836684227,
      0.036451585590839386,
      0.03740546107292175,
      0.03533928468823433,
      0.030390292406082153,
      0.022029884159564972,
      0.03551255539059639,
      0.01790926605463028
    ],
    "val_loss": [
      2.145822763442993,
      2.1519205570220947,
      2.158111333847046,
      2.164384126663208,
      2.1706900596618652,
      2.1771228313446045,
      2.1836016178131104,
      2.1899940967559814,
      2.1964938640594482,
      2.203160524368286,
      2.2100436687469482,
      2.217071771621704,
      2.224299907684326,
      2.231740713119507,
      2.239309072494507,
      2.2471375465393066,
      2.255052089691162,
      2.263148784637451,
      2.271510362625122,
      2.2802512645721436,
      2.2892026901245117,
      2.298396348953247,
      2.3076863288879395,
      2.3172051906585693,
      2.3271501064300537,
      2.337594985961914,
      2.348579168319702,
      2.3599491119384766,
      2.3716342449188232,
      2.3838260173797607,
      2.39669132232666,
      2.4101502895355225,
      2.4244515895843506,
      2.4394452571868896,
      2.4551422595977783,
      2.4717748165130615,
      2.489572763442993,
      2.5085878372192383,
      2.528536081314087,
      2.549982786178589,
      2.5723564624786377,
      2.5958502292633057,
      2.620406150817871,
      2.646061897277832,
      2.672400712966919,
      2.700005292892456,
      2.7288730144500732,
      2.758493423461914,
      2.7887628078460693,
      2.8196544647216797
    ],
    "mae": [],
    "val_mae": []
  },
  "trained_at": "2025-12-20T21:22:31.107274+00:00"
}