{
  "model_type": "lstm",
  "metric": "revenue",
  "metrics": {
    "mae": 4386.816626420455,
    "rmse": 10490.19432067317,
    "r2": -0.1374509243754496,
    "max_error": 34349.875468750004,
    "median_ae": 1165.064453125,
    "mape": 226.7190838645195,
    "directional_accuracy": 50.0,
    "mean_error": 2494.180262784091,
    "within_10pct_error": 90.9090909090909
  },
  "data_points": 14,
  "epochs": 50,
  "final_loss": 0.01805497705936432,
  "final_val_loss": 2.931889533996582,
  "training_history": {
    "loss": [
      0.19419290125370026,
      0.19568833708763123,
      0.19566544890403748,
      0.17905986309051514,
      0.17900417745113373,
      0.17837825417518616,
      0.17352402210235596,
      0.16293253004550934,
      0.16203677654266357,
      0.15555217862129211,
      0.1620897650718689,
      0.14244413375854492,
      0.1466323584318161,
      0.14164714515209198,
      0.13882677257061005,
      0.1321401447057724,
      0.12432675808668137,
      0.12282843887805939,
      0.11715279519557953,
      0.11275866627693176,
      0.10979537665843964,
      0.1117875874042511,
      0.10330638289451599,
      0.10507716238498688,
      0.09995485097169876,
      0.10467591881752014,
      0.0966901183128357,
      0.08385664224624634,
      0.07700692117214203,
      0.08547656983137131,
      0.08128339052200317,
      0.07301616668701172,
      0.07217997312545776,
      0.06250648945569992,
      0.05929787456989288,
      0.05604547634720802,
      0.053441476076841354,
      0.05491051822900772,
      0.06343980878591537,
      0.0465637668967247,
      0.05164514482021332,
      0.03427889570593834,
      0.04007720202207565,
      0.028432942926883698,
      0.02922607585787773,
      0.03422534465789795,
      0.02675856277346611,
      0.03192582726478577,
      0.0358230322599411,
      0.01805497705936432
    ],
    "val_loss": [
      2.2348368167877197,
      2.241931676864624,
      2.2493064403533936,
      2.2568931579589844,
      2.2643377780914307,
      2.271841287612915,
      2.279027223587036,
      2.286383867263794,
      2.2939579486846924,
      2.3018317222595215,
      2.3099849224090576,
      2.3183109760284424,
      2.3266942501068115,
      2.3351686000823975,
      2.3439199924468994,
      2.3530707359313965,
      2.3625595569610596,
      2.3722500801086426,
      2.382112741470337,
      2.392244577407837,
      2.402890920639038,
      2.414254903793335,
      2.425950288772583,
      2.4379923343658447,
      2.450442314147949,
      2.463198184967041,
      2.4761898517608643,
      2.4896275997161865,
      2.5036017894744873,
      2.518152952194214,
      2.5330610275268555,
      2.5485801696777344,
      2.5647313594818115,
      2.581418752670288,
      2.598682403564453,
      2.616708755493164,
      2.6356189250946045,
      2.6551568508148193,
      2.675527572631836,
      2.696286201477051,
      2.7174055576324463,
      2.739104986190796,
      2.761580467224121,
      2.7845170497894287,
      2.807945489883423,
      2.831766128540039,
      2.8562395572662354,
      2.8812053203582764,
      2.90639591217041,
      2.931889533996582
    ],
    "mae": [],
    "val_mae": []
  },
  "trained_at": "2025-12-20T21:46:01.291410+00:00"
}