{
  "model_type": "arima",
  "metric": "expense",
  "order": [
    1,
    1,
    1
  ],
  "metrics": {
    "mae": 152.5521410216664,
    "rmse": 387.3770653664686,
    "r2": -0.08963237927515233,
    "max_error": 1259.2118599162359,
    "median_ae": 7.073619961742521,
    "mape": 1104.3689032997286,
    "directional_accuracy": 50.0,
    "mean_error": -120.10664384104726,
    "within_10pct_error": 9.090909090909092
  },
  "data_points": 11,
  "trained_at": "2026-01-23T06:12:38.760746+00:00"
}