{
  "model_type": "arima",
  "metric": "expense",
  "order": [
    1,
    1,
    1
  ],
  "metrics": {
    "mae": 6.989742948627627,
    "rmse": 15.718140350118002,
    "r2": 0.7066752104499441,
    "max_error": 102.70537035903178,
    "median_ae": 4.316663711728879,
    "mape": 5.382947675828415,
    "directional_accuracy": 46.93877551020408,
    "mean_error": -4.8131845053264515,
    "within_10pct_error": 96.0
  },
  "data_points": 50,
  "trained_at": "2026-01-06T06:11:16.418694+00:00"
}