{
  "model_type": "arima",
  "metric": "expense",
  "order": [
    1,
    1,
    1
  ],
  "metrics": {
    "mae": 31.05613141531173,
    "rmse": 72.8138328819084,
    "r2": -0.14270010926308374,
    "max_error": 226.60572378571902,
    "median_ae": 6.489518796397049,
    "mape": 521.5524761388458,
    "directional_accuracy": 44.44444444444444,
    "mean_error": -16.634415893597392,
    "within_10pct_error": 10.0
  },
  "data_points": 10,
  "trained_at": "2026-01-23T05:35:57.786320+00:00"
}