{
  "model_type": "lstm",
  "metric": "inventory",
  "metrics": {
    "mae": 20095596.329091158,
    "rmse": 60060268.47072144,
    "r2": 0.0010817140744322495,
    "max_error": 206793140.3199997,
    "median_ae": 2213298.680000305,
    "mape": 0.05776027317425535,
    "directional_accuracy": 95.23809523809523,
    "mean_error": -16071416.910908787,
    "within_10pct_error": 100.0
  },
  "data_points": 25,
  "epochs": 50,
  "final_loss": 0.003177414881065488,
  "final_val_loss": 4.930157661437988,
  "training_history": {
    "loss": [
      0.08896351605653763,
      0.08514697104692459,
      0.08417874574661255,
      0.07833324372768402,
      0.07524623721837997,
      0.07349048554897308,
      0.07012620568275452,
      0.06766843795776367,
      0.06189028546214104,
      0.06039739400148392,
      0.05783887580037117,
      0.054760873317718506,
      0.052213817834854126,
      0.049116283655166626,
      0.04568696394562721,
      0.04461853578686714,
      0.04174618795514107,
      0.04065433144569397,
      0.040060948580503464,
      0.03488757461309433,
      0.03673632815480232,
      0.031244831159710884,
      0.029856102541089058,
      0.03112531453371048,
      0.0278128944337368,
      0.024345604702830315,
      0.02360238879919052,
      0.023339029401540756,
      0.023422852158546448,
      0.020077334716916084,
      0.018270179629325867,
      0.01759186014533043,
      0.01736079528927803,
      0.014928162097930908,
      0.014660732820630074,
      0.014809872955083847,
      0.010951495729386806,
      0.010652238503098488,
      0.011443308554589748,
      0.009835630655288696,
      0.007004382088780403,
      0.007339466828852892,
      0.005911181215196848,
      0.006644561421126127,
      0.004808817058801651,
      0.0033260774798691273,
      0.0027038187254220247,
      0.003155133919790387,
      0.002541499212384224,
      0.003177414881065488
    ],
    "val_loss": [
      4.450447082519531,
      4.461309909820557,
      4.472217082977295,
      4.483116149902344,
      4.493672847747803,
      4.504178524017334,
      4.514684200286865,
      4.525243759155273,
      4.535876274108887,
      4.546525001525879,
      4.55721378326416,
      4.567910194396973,
      4.578281402587891,
      4.588547706604004,
      4.598714351654053,
      4.608846187591553,
      4.618785381317139,
      4.628490447998047,
      4.637941360473633,
      4.647275447845459,
      4.656528949737549,
      4.6657867431640625,
      4.675055027008057,
      4.684377193450928,
      4.693703651428223,
      4.703042030334473,
      4.712405204772949,
      4.721846580505371,
      4.731362342834473,
      4.740947723388672,
      4.750555515289307,
      4.760186672210693,
      4.769814968109131,
      4.779489040374756,
      4.789202690124512,
      4.798871040344238,
      4.808504581451416,
      4.818133354187012,
      4.827820777893066,
      4.8375115394592285,
      4.847166538238525,
      4.856797695159912,
      4.866364479064941,
      4.875901699066162,
      4.885372161865234,
      4.894676685333252,
      4.903785705566406,
      4.912724494934082,
      4.921496391296387,
      4.930157661437988
    ],
    "mae": [],
    "val_mae": []
  },
  "trained_at": "2026-01-03T07:42:25.649912+00:00"
}