{
  "model_type": "lstm",
  "metric": "inventory",
  "metrics": {
    "mae": 775.5880681818181,
    "rmse": 3425.8956228186744,
    "r2": -0.05402108240407433,
    "max_error": 16067.40625,
    "median_ae": 47.40625,
    "mape": 0.2665403188186675,
    "directional_accuracy": 95.23809523809523,
    "mean_error": -775.5880681818181,
    "within_10pct_error": 100.0
  },
  "data_points": 25,
  "epochs": 50,
  "final_loss": 0.0011532246135175228,
  "final_val_loss": 5.239384651184082,
  "training_history": {
    "loss": [
      0.03748636692762375,
      0.03581685572862625,
      0.032620929181575775,
      0.0316748172044754,
      0.028363334015011787,
      0.027497071772813797,
      0.02640235796570778,
      0.023369075730443,
      0.0217574592679739,
      0.020824352279305458,
      0.018159128725528717,
      0.019454792141914368,
      0.01705675572156906,
      0.014723904430866241,
      0.014142480678856373,
      0.012748487293720245,
      0.01105362456291914,
      0.009765060618519783,
      0.008921362459659576,
      0.008212452754378319,
      0.0073410565964877605,
      0.006784952245652676,
      0.006164680700749159,
      0.004725158680230379,
      0.004380159545689821,
      0.0035601321142166853,
      0.0030484814196825027,
      0.003511252347379923,
      0.002199865411967039,
      0.0017789962003007531,
      0.0012161494232714176,
      0.001318204915151,
      0.0012896960834041238,
      0.0009276102064177394,
      0.0005134714883752167,
      0.0007650512852706015,
      0.00044074479956179857,
      0.0005728313117288053,
      0.00054350052960217,
      0.0003978922904934734,
      0.00048074524966068566,
      0.0006895463448017836,
      0.0008980589918792248,
      0.0008745217928662896,
      0.0006309080636128783,
      0.0010439539328217506,
      0.0006714856717735529,
      0.0010349440854042768,
      0.0005982600850984454,
      0.0011532246135175228
    ],
    "val_loss": [
      4.861823558807373,
      4.871462821960449,
      4.881230354309082,
      4.890964031219482,
      4.900517463684082,
      4.909991264343262,
      4.919378757476807,
      4.928785800933838,
      4.938316345214844,
      4.947882175445557,
      4.957472801208496,
      4.966986656188965,
      4.976370811462402,
      4.985837936401367,
      4.995308876037598,
      5.004796028137207,
      5.01418399810791,
      5.0237016677856445,
      5.033320426940918,
      5.043015003204346,
      5.052793025970459,
      5.062460899353027,
      5.07216739654541,
      5.081904411315918,
      5.091641426086426,
      5.10138463973999,
      5.1111345291137695,
      5.120919227600098,
      5.130640029907227,
      5.1402435302734375,
      5.149669647216797,
      5.158881664276123,
      5.167945384979248,
      5.176797866821289,
      5.18532657623291,
      5.19344425201416,
      5.201152801513672,
      5.208385944366455,
      5.214938163757324,
      5.220861911773682,
      5.226014137268066,
      5.230310440063477,
      5.233664512634277,
      5.236194133758545,
      5.238117218017578,
      5.239649772644043,
      5.240477561950684,
      5.240649223327637,
      5.240428447723389,
      5.239384651184082
    ],
    "mae": [],
    "val_mae": []
  },
  "trained_at": "2026-01-23T06:13:25.056278+00:00"
}