{
  "model_type": "lstm",
  "metric": "inventory",
  "metrics": {
    "mae": 868.1170099431819,
    "rmse": 3385.9992023215104,
    "r2": -0.02961472819574662,
    "max_error": 15866.0712890625,
    "median_ae": 153.9287109375,
    "mape": 4.501714322442789,
    "directional_accuracy": 95.23809523809523,
    "mean_error": -574.2531072443181,
    "within_10pct_error": 95.45454545454545
  },
  "data_points": 25,
  "epochs": 50,
  "final_loss": 0.0029965071007609367,
  "final_val_loss": 5.110649108886719,
  "training_history": {
    "loss": [
      0.04673832654953003,
      0.044267695397138596,
      0.04332384467124939,
      0.04167008399963379,
      0.03966887295246124,
      0.03817662224173546,
      0.036339662969112396,
      0.0355243980884552,
      0.03390054032206535,
      0.03189276531338692,
      0.031679362058639526,
      0.028954733163118362,
      0.028654715046286583,
      0.02680111862719059,
      0.02626287005841732,
      0.02542843297123909,
      0.02301657572388649,
      0.023920007050037384,
      0.02198794111609459,
      0.021625759080052376,
      0.019536839798092842,
      0.019585052505135536,
      0.018606441095471382,
      0.0178972315043211,
      0.016089310869574547,
      0.015100675635039806,
      0.014225225895643234,
      0.015311975963413715,
      0.0128052132204175,
      0.013518587686121464,
      0.012039260007441044,
      0.013474913313984871,
      0.011698517948389053,
      0.010488525964319706,
      0.00918041355907917,
      0.008966582827270031,
      0.008920962922275066,
      0.0071852547116577625,
      0.0067848567850887775,
      0.007172321900725365,
      0.005945404060184956,
      0.006803388707339764,
      0.00627901079133153,
      0.004495430737733841,
      0.003707120893523097,
      0.004166611470282078,
      0.003495248267427087,
      0.0030833289492875338,
      0.0034667463041841984,
      0.0029965071007609367
    ],
    "val_loss": [
      4.8206048011779785,
      4.827487945556641,
      4.8343729972839355,
      4.841181755065918,
      4.847874164581299,
      4.854551792144775,
      4.861242294311523,
      4.867942810058594,
      4.874651908874512,
      4.88120698928833,
      4.887570381164551,
      4.893700122833252,
      4.899717807769775,
      4.905755996704102,
      4.91172456741333,
      4.917658805847168,
      4.923582077026367,
      4.929511070251465,
      4.9354448318481445,
      4.941366195678711,
      4.947312355041504,
      4.95320987701416,
      4.959146499633789,
      4.965110778808594,
      4.970943450927734,
      4.97664737701416,
      4.982127666473389,
      4.987532615661621,
      4.992937088012695,
      4.998330116271973,
      5.003741264343262,
      5.009174823760986,
      5.014644622802734,
      5.020147800445557,
      5.0256876945495605,
      5.0312628746032715,
      5.036874294281006,
      5.042515754699707,
      5.048174858093262,
      5.053852558135986,
      5.059551239013672,
      5.065265655517578,
      5.070996284484863,
      5.076724052429199,
      5.082423686981201,
      5.088123798370361,
      5.093810081481934,
      5.099453926086426,
      5.105071067810059,
      5.110649108886719
    ],
    "mae": [],
    "val_mae": []
  },
  "trained_at": "2026-01-23T03:43:21.104375+00:00"
}