{
  "model_type": "lstm",
  "metric": "inventory",
  "metrics": {
    "mae": 22.84658005061996,
    "rmse": 27.321104954079285,
    "r2": -0.0006036093569519174,
    "max_error": 60.26044014313493,
    "median_ae": 23.074914226887245,
    "mape": 15.218844532420247,
    "directional_accuracy": 56.52173913043478,
    "mean_error": -3.8908965923786494,
    "within_10pct_error": 31.914893617021278
  },
  "data_points": 50,
  "epochs": 1,
  "final_loss": 0.5454480648040771,
  "final_val_loss": 2.1129016876220703,
  "training_history": {
    "loss": [
      0.5454480648040771
    ],
    "val_loss": [
      2.1129016876220703
    ],
    "mae": [],
    "val_mae": []
  },
  "trained_at": "2026-01-06T06:11:18.413844+00:00"
}